id,text,created_at,url,favorite_count,retweet_count,reply_count,user_name,user_screen_name,image_text
"1921278330600337690","The fastest path to your first $10M today is not in the IDE. It is in the FYP.

Content is the new code. Every post is an A/B test. Every view is user research. When something spikes, pour gasoline on it.

The modern founder playbook:

1. Hunt for obsessive corners of the","Sat May 10 18:57:04 +0000 2025","https://twitter.com/gregisenberg/1921278330600337690",1370,93,84,"GREG ISENBERG","gregisenberg",""
"1920514988092870884","Y Combinator just shared the startups they want to invest in for summer 2025. 

The big theme is AI that turns 40-hour jobs into 40-minute tasks.

My 30 second summary and 12 takeaways below: https://t.co/wCiYRqEMKm","Thu May 08 16:23:49 +0000 2025","https://twitter.com/gregisenberg/1920514988092870884",4414,548,111,"GREG ISENBERG","gregisenberg","1. Full-Stack Al Startups

Why sell Al tools when you can build an entire business around them? Think Al-powered law firms or clinics
that outpace traditional ones.

2. Designers as Founders

Designers, it's your time to shine! Use your eye for detail and user empathy to launch startups that people love
to use.

3. Voice Al Revolution

Tired of robotic phone menus? Create Al that handles customer calls so naturally, people won't know it's not
human.

4. Al in Scientific Research

Bring Al to the lab bench. Help scientists accelerate discoveries in chemistry, biology, and materials science
with smarter tools.

5. Al Personal Assistants

Turn to-do lists into done lists. Build Al that doesn't just remind you but actually completes tasks on your
behalf.

6. Al for Government Automation

Help governments save money and time by automating paperwork and processes with Al solutions.

7. Public Safety Tech

Develop tools like smart cameras and data systems that assist law enforcement in solving crimes more
efficiently.

8. Next-Gen Manufacturing

Reimagine factories with automation and robotics, making manufacturing faster, cheaper, and closer to home.
9. Stablecoin Infrastructure

Build the backend systems that enable businesses and banks to use digital currencies seamlessly

10. LLMs for Chip Design

Use Al to design better, more efficient computer chips, speeding up innovation in hardware.

11. Al-First Fintech

Create financial tools powered by Al that offer smarter budgeting, investing, and lending solutions.

12. Space Infrastructure Startups

As space becomes more accessible, develop the logistics and support systems that make satellite launches
routine.

13. Al-Aided Engineering Tools

Design intuitive engineering software that leverages Al to simplify complex tasks for professionals.

14. Empowering Non-Al Jobs

Focus on building tools that enhance jobs Al can't replace, supporting roles that require a human touch.
@gregisenberg 1/ Alisn't just a tool, it's the business.

YC is pushing for ""full-stack Al companies."" Instead of selling Al tools to industries like law or healthcare,
they're encouraging founders to build entire Al-driven firms that compete directly with traditional players. (Y

2/ Designers, it's your time to shine.

With coding becoming more accessible, YC believes designers should lead startups. Their user-centric
approach and aesthetic sense are crucial in creating products people love.

3/ Voice Al is the new frontier.

Phone interactions haven't changed in decades. YC sees a massive opportunity in developing voice Al that can
handle customer service calls, making interactions seamless and human-like.
4/ Revolutionizing scientific research with Al.

Many scientific tools are outdated. YC is looking for startups that apply Al to accelerate discoveries in fields
like chemistry and materials science.

5/ From to-do lists to done lists.

The dream of a true Al personal assistant is closer than ever. YC wants startups to create Al that doesn't just
organize tasks but completes them, learning from your habits and preferences.

6/ Fixing healthcare‚Äôs administrative bloat.

A significant chunk of healthcare costs stem from administrative tasks. YC is interested in Al solutions that can
automate data extraction and entry, streamlining operations.

7/ Personalized Al tutors for all.

Education hasn't changed much, but Al offers a chance to create personalized learning experiences. YC is
keen on startups that can make learning more interactive and tailored.

8/ Robotics‚Äô ChatGPT moment is near.

Robots have been limited by perception and judgment. With advancements in Al, YC sees potential in
developing software tools that make robots more adaptable and useful in various industries.

9/ Reimagining home security with Al.

Home security systems are ripe for innovation. YC is looking for startups that use Al to enhance safety, making
systems more proactive and intelligent.

10/ Empowering employees with internal Al agents.

Imagine every employee having their own Al assistant to handle repetitive tasks. YC is interested in
infrastructure that allows for the creation of these internal agents.

11/ Building the next OpenAl.

YC was an early backer of OpenAl and wants to fund more independent Al research labs. They're open to
supporting long-term, open-ended research projects.

12/ Voice-controlled email management.

Managing emails can be tedious. YC envisions voice assistants that can help users triage emails, draft replies,
and manage schedules, all through voice commands."
"1920145603771953295","been cooking something in sf 

more on that sometime soon https://t.co/ncLRdL2QSJ","Wed May 07 15:56:01 +0000 2025","https://twitter.com/gregisenberg/1920145603771953295",339,12,60,"GREG ISENBERG","gregisenberg","‚Äî |
NS a a Br.
Saale ) B= alls
‚Äî Ge ‚Äî IEE
- | ‚Äî‚Äî = ay i pRe‚Äî‚Äî By 5 [I23
mT BE bo - Al
RN i SSE Ge
= RE a ARBRE ee EE
HRS { Ew
% bs je A= SEIS ALL] id wb -
A 3 Se Wa, AA ‚Ñ¢
NTT - - 3 ED
| h)""5% t=
y =‚Äî Ra
is. 9 ORO
3 x2 4% \ 4
> C- a he . Sh \/ : R
Ts Lo gw a LJ"
"1919915563809194351","Email from Fiverr CEO to his team about AI ($1b company): https://t.co/Ov6k3TD2u2","Wed May 07 00:41:55 +0000 2025","https://twitter.com/gregisenberg/1919915563809194351",6166,824,292,"GREG ISENBERG","gregisenberg","@ Micha Kaufman 12:58 ‚Äúeee
to Team ~
Hey team,
I've always believed in radical candor and despise
those who sugar-coat reality to avoid stating the
unpleasant truth. The very basis for radical candor is
care. You care enough about your friends and
colleagues to tell them the truth because you want
them to be able to understand it, grow, and succeed.
So here is the unpleasant truth: Al is coming for your
jobs. Heck, it's coming for my job too. This is a wake-
up call.
It does not matter if you are a programmer, designer,
product manager, data scientist, lawyer, customer
support rep, salesperson, or a finance person - Al is
coming for you.
You must understand that what was once considered
‚Äòeasy tasks‚Äô will no longer exist; what was considered
‚Äòhard tasks‚Äô will be the new easy, and what was
considered ‚Äòimpossible tasks‚Äô will be the new hard. If
you do not become an exceptional talent at what you
do, a master, you will face the need for a career
change in a matter of months. | am not trying to scare
you. | am not talking about your job at Fiverr. | am
talking about your ability to stay in your profession in
the industry."
"1919767139323674810","literally no one cares that your app is ""ai-powered""

people pay for products to save time, get paid, escape reality or feel something.","Tue May 06 14:52:08 +0000 2025","https://twitter.com/gregisenberg/1919767139323674810",1999,115,231,"GREG ISENBERG","gregisenberg",""
"1919431143314673717","If I had to build a $100k/month SaaS from $0 right now with AI, I‚Äôd build a SaaS using the NEW ChatGPT-4o image gen API....

Here's EXACTLY how I'd do it:

Pick something valuable, tedious, visual. Maybe product mockups for Shopify sellers. Or personalized onboarding graphics for","Mon May 05 16:37:00 +0000 2025","https://twitter.com/gregisenberg/1919431143314673717",1490,83,97,"GREG ISENBERG","gregisenberg",""
"1919398157294735424","funny how the best signal that an idea will work is usually the people you grew up with telling you it won‚Äôt","Mon May 05 14:25:56 +0000 2025","https://twitter.com/gregisenberg/1919398157294735424",1416,85,140,"GREG ISENBERG","gregisenberg",""
"1919053074280149245","how to get ""lucky"" as a founder right now:

do everything you can to build an app so undeniably useful that people can't stop talking about it and then do everything you can to make sure chatgpt, grok, claude, and gemini can't stop talking about it either.","Sun May 04 15:34:41 +0000 2025","https://twitter.com/gregisenberg/1919053074280149245",1097,72,49,"GREG ISENBERG","gregisenberg",""
"1919033710890152148","We're living in an AI world, and sometimes I have to pinch myself:

1. I still can‚Äôt believe you can write some English and software POPS out.

2. I still can‚Äôt believe you can write some English and mobile app designs beautifully APPEAR

3. I still can‚Äôt believe you can write","Sun May 04 14:17:45 +0000 2025","https://twitter.com/gregisenberg/1919033710890152148",1284,94,107,"GREG ISENBERG","gregisenberg",""
"1918661279641723158","I figured out how to get 5x better results from ChatGPT, Grok, Claude etc and it has nothing to do with better prompts and will cost you $0.

I just make them jealous of each other.

I‚Äôll ask ChatGPT to write something. Maybe landing page copy. It gives me a solid draft, clear,","Sat May 03 13:37:50 +0000 2025","https://twitter.com/gregisenberg/1918661279641723158",7348,664,491,"GREG ISENBERG","gregisenberg",""
"1918309026703483143","Founders attacking other founders' products is a bad look.

We all know how brutal startup life is. The odds are stacked against every single one of us, and we're all competing against trillion-dollar giants.

Promote your product all you want, but do it by highlighting your","Fri May 02 14:18:07 +0000 2025","https://twitter.com/gregisenberg/1918309026703483143",215,5,36,"GREG ISENBERG","gregisenberg",""
"1917978453371949577","once you make money on the internet, it‚Äôs hard to ever see the world the same way.","Thu May 01 16:24:32 +0000 2025","https://twitter.com/gregisenberg/1917978453371949577",5954,519,221,"GREG ISENBERG","gregisenberg",""
"1917682033154810168","We‚Äôre at the stage of the cycle where all you need is a beautiful demo video of your AI startup that gets 500k+ views on X and you‚Äôll get offered $5M-$10M of venture capital at $25M-$35M valuation.","Wed Apr 30 20:46:40 +0000 2025","https://twitter.com/gregisenberg/1917682033154810168",2185,109,135,"GREG ISENBERG","gregisenberg",""
"1917636598264475693","INTRODUCTION TO ""VIBE MARKETING"" (23 minute tutorial/demo explained simply) https://t.co/SXyMZhfkV1","Wed Apr 30 17:46:07 +0000 2025","https://twitter.com/gregisenberg/1917636598264475693",3564,352,90,"GREG ISENBERG","gregisenberg",""
"1917552629636346202","If I had to grow a SaaS to $100k/month from ZERO today with AI, this is exactly how I‚Äôd do it:

I‚Äôd start by picking a niche I deeply understand. Maybe it‚Äôs ghostwriters, short-form video editors, newsletter operators. People who have recurring, painful, time-consuming tasks that https://t.co/C8x9KTp865","Wed Apr 30 12:12:27 +0000 2025","https://twitter.com/gregisenberg/1917552629636346202",2020,174,119,"GREG ISENBERG","gregisenberg","4 How 10 Gran A PRCT
√© (especially‚Äô SaaS)
AF
ot
¬©. \ \
sap lA se
\ 2
A JT Lf)
Po) 0 \ Hd Eis
leary
¬© pwc THe @ mcd & 3 Gauey
RigH Genekous (REFLATE %"
"1916565892076539955","my entire timeline is this, how about you? https://t.co/1Sf5NGEpPh","Sun Apr 27 18:51:31 +0000 2025","https://twitter.com/gregisenberg/1916565892076539955",8604,170,730,"GREG ISENBERG","gregisenberg","RTE
< Sch \ A 5 LT pL ZZ
RR, y/ | AL ¬•
Lb BRA 0 I & 7
ha: 4 7 J TN
= T‚Äî 4 il [111% A) 7 if
ie LR
\ RR. vd hn = Wey ~~ 1/ Ro
Yd 1% 5 TIE i
oe 5 Hie al id = it AT ov eg
Take 1 p Sa FE i. wn
i ek I] T¬∞ EN bn 4 ic i > 7)
ass Te J AZ"" E | | po]
rem EY & Wh Bij
1 a @ Pr 4] eu i 6 Ly 0 El L|
\ y {84 3 grill | )' A al id Col J i
0 ¬• ‚Äî = 55 fF
| d Aa Zi
E . i . [ Fis =~ ii J E y
drs - Bg
\ = ¬©
\ $ >& i
CT = ¬© ‚Äù N\ \
\ N EY ve 5 $
7 = ‚Ç¨ > 0% iconcom 6 PA DOB & ew
iCON Products Examplesv Compare Company v Pricing Signin Get started ($39/mo) ‚Äî>
1 Be a Founding Advisor to loon & save 60% (only 4 spots left, ends 4/25)
SN [ I
The Al Admaker B a
Plan, create, & run 1000s of winning ads end-to-end. | [0 Fabel
s00aps
Just $38/mo for 12-products-in-1 (replaces $2K-$30K/mo). : | (0 Bakes
$099/downloaded ad vs. typical $200/ad. A
100% money-back guarantee, no questions asked | fey
¬© Get started ($39) & Download macOS app 4 . %
[ i \ Jitter killer. |
kd kk 50rating 8% 1288+ brands ¬© 528K+ YouTube ¬© Founded 2025 4 wi mn
TR RR ii & 4
RIDGE Mwowe PREZ grins =
Glow Recipe's |
gwella Ombre  #xewesrie  Beearocius >
HT cuss cocojune [aed r‚Äî‚Äî
oN 6+ @ 27%e0:"" BSAA
: -‚Äî Goso@@ar ~ a=
Story Investors (Tier 1) Team (Tier 1Engineers) Examples
Solo-founded Skio ($15M+ ARR & Peter Thiel‚Äô Founders Fund + From Google, Facebook, Pinterest, See ads created with lcon (static
profitable, $8M seed). Top 200 NA OpenAl (ChatGPT) & Ramp execs + Snap, Hulu, NVIDIA, & Tesla. 7-day images, B-roll + voiceover, UGC +
LoL. YC 520, Dropout. Saquon Barkley (Super Bowl 2025) work week. B-roll cuts, & more). A EEE‚Äî | 54%

>a I gi = ; Ii | OE
‚Äú(FE = |
ne =‚Äî‚Äî ="" = == =
‚Äî fer =
todd an ‚Äî
> = E b ba yy Pe ‚Äî
= : pe e‚Äî

= ‚Äî‚Äî ~‚Äî 1 ¬ª = > Lia
= A = os -_ __ Sprreerverey pvr LULL LOE TRE

rT 3 { i TER E85) 4 Fill Ls] [ TH L [rrr i

i NDARG VARS ip i di al

TONLE LT ( e‚Äî‚Äî Wl
HE | WF TR

_ TT | Wise / eT

Rite tet Fr a===

wid Te . ‚Äî Ea
GABE Ch |
{i I y mem | P =
i ‚Äî ‚Äî oF

Bo - l A F/ > \ A ‚Äî‚Äî‚Äî‚Äî‚Äî‚Äî y

- v v"
"1915558045322498379","this is the MOST permissionless moment in history.

10 years ago, you needed investors, cofounders, an office, and 6 months of burn just to start a startup.

not anymore:

1. you want a startup idea ‚Üí go mining on reddit, app store reviews etc
2. you want customers ‚Üí build an","Fri Apr 25 00:06:42 +0000 2025","https://twitter.com/gregisenberg/1915558045322498379",3397,424,146,"GREG ISENBERG","gregisenberg",""
"1915023824929612115","If I had to start from $0 today, this is exactly how I‚Äôd build a $100k/month startup with AI:

You start with something boring and valuable. Maybe it‚Äôs writing onboarding flows for SaaS companies. Maybe it‚Äôs building landing pages that convert. 

You charge between $2,000 and","Wed Apr 23 12:43:53 +0000 2025","https://twitter.com/gregisenberg/1915023824929612115",2495,183,129,"GREG ISENBERG","gregisenberg",""
"1914791479131668907","I‚Äôve been secretly building a new startup. I can't hold it in anymore...

Replit, Bolt etc made it easier than ever to build your startup.

But most people are still guessing what to build.

Wrong idea. Wrong positioning. No growth model. This fixes that.

I've wanted software https://t.co/5ErzO8Fw60","Tue Apr 22 21:20:38 +0000 2025","https://twitter.com/gregisenberg/1914791479131668907",1317,33,154,"GREG ISENBERG","gregisenberg","iy
‚Äî
2 2S ‚Äî
S‚Äî i? - od Lad
| = ¬£.
$
‚Äúoo. "" -"
"1914658572522098978","how to build a saas in a weekend with AI https://t.co/HO2wZVegCA","Tue Apr 22 12:32:30 +0000 2025","https://twitter.com/gregisenberg/1914658572522098978",5232,400,113,"GREG ISENBERG","gregisenberg","fv) lord007tn ‚Äú - 7d ago
What | am doing with ai write now to build a saas in weekend.

1. First, gotta come up with something to build.

2.1 get Gemini to do some deep dives on who else is doing similar stuff. Gotta know the competition,
right?

3. | check out what those competitors are offering and what makes them tick. Helps figure out my
angle.

4. Then | hit up Claude with my idea and the basics. | make it grill me with like 20 questions to see if the
idea even holds water.

5. If it survives the interrogation, | tell Claude to write up a super basic one-page plan (PRD).

6. Boom, now I've got a simple outline.

7. Back to Claude, but this time we're just talking looks. | get it to break the whole thing into small,
shippable chunks, focusing only on the Ul. For each chunk, it tells me what each page will show, what
you can do on it, and even draws little user flow diagrams. It's surprisingly fast.

8. | check Claude's work, make any tweaks, and then get it to turn each Ul chunk into a prompt for
v0.dev.

9. Then | take those prompts over to v0.dev and start generating the Ul piece by piece, tweaking the
prompts as | go until it looks right.

10. Once the whole Ul is done in v0.dev, | download the code.

11. | get Claude to write a simple README file that explains what we're building. Then | use Cursor or VS
Code Copilot to start adding the database, backend logic, and all the stuff that makes it actually
work.

12. And that's pretty much how | go from a random idea to a (hopefully) working SaaS product.

It's kinda crazy how much Al helps speed things up these days!""
¬© ¬¢ 278 OO Reply RQ Award > Share w"
"1914394205159612504","I'm coming to San Francisco in 2 weeks and want to hang out.

Who are the most interesting founders building with AI?

Who should I record a pod with?

I'll probably throw a meet-up if people are down.

Who wants to hang out?","Mon Apr 21 19:02:00 +0000 2025","https://twitter.com/gregisenberg/1914394205159612504",594,18,205,"GREG ISENBERG","gregisenberg",""
"1914302781168537702","How to vibe code (practical guide): https://t.co/GM2pBBf5OV","Mon Apr 21 12:58:43 +0000 2025","https://twitter.com/gregisenberg/1914302781168537702",3844,310,77,"GREG ISENBERG","gregisenberg","tleursor -7 days ago
COILS =

Vibe Coding Isn't Dumb - You're Just Doing It Wrong
(practical guide fo shiping apps with AL minimal pain)
Vive coding gets aot of hate, especialy from ‚Äúserious‚Äù devs. But the truth is: ot every project needs to be
Scalable, secure, or architected ike is going public on the stock market
Most of the ime, you just want 9 turn your de nto working app - fast, Hore's how to doit without driving
yourself insane. These arent fancy tricks, just things that work.
1. Pick a mainstream tech stack (zero effort, high reward)
1 you'te building a basic website, Just use Wis, Framer, lackEoxal or any other site builder You don't need to
code it from scratch
1#you need a ea web app:
> Use Nextis + Supabase.
Yes, Sve s col, Vue i nic, but non of that matters when you're trying to get something done. Next wins
because thas the largest user base, the most examples online, and Ais most oly t got ight. f your
backend needs rel logic, add Python
youre thinking about building a game:
Learn Unity or Unreal
Trying 1 vibe-cods a game in JavaScript is usually a dead end. Nobody's plying your Thre s experiment, Ba
honest about what you're building.
4 Skip his rule and youl burn day fixing th same bugs that Al could ve solved in seconds  f only youd
picked the stack it knows best
2. Write a simple PRD (medium effort, high reward)
You dort need a fancy spec doc. Just write Product Requirement Document tht does wo things:

+ Forces you to clarity what you actualy want.

+ Breaks the ork nto smal clear steps.
Think oft ke hieing 3 contractor, ou cart write down what ‚Äúdone‚Äù oaks ke or Day 1or Week 1, your Al vant
know either
Once you've got the plan, give the Al one step at a time. Kot ‚Äúdo everything at once‚Äù
Example:
Chat:
‚Äúleplenent Step 1.1: Add Feature A""
Testi. Fixit. Then:
New Chat:
‚ÄúIeplenent Step 2: Add Feature 8¬∞
Bugs compound over time, so fixing them early saves you from a mss ter.
3. Use version control (low effort, high reward)
Avil eventually break your code. Period.
Youneed a way to rol back. Most ools have automatic checkpaints, but i's beter to usa Git Manual commits
force you to actualy track progress, so when Al makes a mess, youl know exactly where to revert.
4. Provide working code samples (medium effort, high reward)
Don't assume Al wil get third-party varies or APs right just from docs.
Before you tart building a full feature, write small working sept that does the core thing (e.g. pull 10.Jra
Hikets). Once t works, ave, and when you start the real ask, pas back nto your Al prompts as a reference
his mall step wil save yo from wasting hours on tiny mismatches (wrong AP! version, bad assumptions,
‚Äòmissing auth headers, etc.).
5. When stuck, start a new chat with better info (low effort, high reward)
The ""copy eror past to chat fx > new errr repeat‚Äù cycles a rap
When you hit tis loop, sop. Open fresh chat and tll the A

+ Whats broken.

+ What you expected to happen.

+ What you've already tied

+ Include logs, errors, screenshots.
The longer your chat istory gets, the dumber the Al gets. A clan context an clear input often saves what
si yb eo"
"1913745574576169215","how to prompt like a pro

1. first: share your raw idea
2. ask: ‚Äúwhat‚Äôs unclear, risky, or missing?‚Äù
3. then: ‚Äúmake this resonate with [my audience/customer/community]‚Äù insert data about them
4. finally: ‚Äúwhat would [0.01% top expert in my field] do here?‚Äù

way better results.","Sun Apr 20 00:04:35 +0000 2025","https://twitter.com/gregisenberg/1913745574576169215",6796,572,94,"GREG ISENBERG","gregisenberg",""
"1913582333229142177","the new startup playbook looks NOTHING like the old one:

‚Äì most of your team will be part-time contractors, creators, and ai agents
‚Äì your first $1m will come from niching down. your next $10m will come from tastefully scaling out
‚Äì one agent spins out 50 longtail SEO pages from","Sat Apr 19 13:15:55 +0000 2025","https://twitter.com/gregisenberg/1913582333229142177",3422,349,161,"GREG ISENBERG","gregisenberg",""
"1912908301076955280","we‚Äôll look back at this era like the gold rush.

except this time:

‚Äì picks + shovels = prompts + AI agents
‚Äì gold = attention, data, distribution
‚Äì miners = builders automating boring work
‚Äì gold pans = n8n, replit, bolt, lovable
‚Äì land grabs = ai-first domains + keywords
‚Äì","Thu Apr 17 16:37:33 +0000 2025","https://twitter.com/gregisenberg/1912908301076955280",3132,363,140,"GREG ISENBERG","gregisenberg",""
"1912477319916027957","you don‚Äôt need a cofounder. you need a niche.
you don‚Äôt start with a deck. you start with a protoype 
you don‚Äôt chase virality. you solve a boring problem in a fun way. 
you don‚Äôt raise a seed round. you ship something weird and useful in a weekend. 

you don‚Äôt run ads. you own a","Wed Apr 16 12:04:59 +0000 2025","https://twitter.com/gregisenberg/1912477319916027957",3371,401,182,"GREG ISENBERG","gregisenberg",""
"1912298263987757296","OpenAI published their official GPT-4.1 prompting guide, and I summarized it into these 13 practical tips to help you get the most out of the new model. https://t.co/8pOvNriK22","Wed Apr 16 00:13:29 +0000 2025","https://twitter.com/gregisenberg/1912298263987757296",5094,553,77,"GREG ISENBERG","gregisenberg","1. Follow instructions literally. GPT-4.1is trained to follow directions more precisely than previous models.
Be explicit about what you want.
2. Place instructions strategically. For long context, put critical instructions at both the beginning AND end
of your prompt for best results.
3. Use specific delimiters. Markdown headings, XML tags, and backticks help the model understand
structure. JSON performs poorly for document collections.
4. Induce planning with prompting. Ask the model to ""think step by step"" when solving complex problems
to significantly improve accuracy.
5. Design agentic workflows with clear reminders:
o ""Keep going until the problem is completely resolved""
o ""Use tools when uncertain instead of guessing""
o ""Plan extensively before each action""
6. Leverage the 1M token context window wisely. Performance stays strong up to the limit, but degrades
when retrieving many items or reasoning across the entire context.
7. Balance internal vs. external knowledge. For factual queries, instruct the model to ""only use provided
context"" or ""combine context with basic knowledge"" based on your needs.
8. Format your prompts with clear sections:
o Role and Objective
o Instructions (with subcategories)
o Reasoning Steps
o Output Format
o Examples
o Final instructions
9. Guide information retrieval. When working with documents, ask the model to first analyze which ones
are relevant before attempting to answer.
10. Avoid rare prompt patterns. The model may struggle with extremely repetitive outputs or parallel tool
calls. Test these cases carefully.
11. Be direct with corrections. If model behavior is unexpected, a single clear sentence is usually enough
to steer it in the right direction.
12. Use specific frameworks for coding. For generating code changes, use the V4A diff format with context
lines for maximum accuracy.
13. Remember it's not a reasoning model. GPT-4.1 doesn't automatically provide an internal chain of
thought, but you can explicitly request it to show its work.
Notes by Greg Isenberg (gregisenberg.com) // full guide at cookbook.openai.com"
"1911577082519302609","Most people treat brand like frosting, a cosmetic layer you add right before launch to make things look polished. 

But brand is the batter. It‚Äôs not decoration, it‚Äôs the foundation. It shows up in how you talk to customers, how your product feels, how your team makes decisions.","Mon Apr 14 00:27:46 +0000 2025","https://twitter.com/gregisenberg/1911577082519302609",536,39,50,"GREG ISENBERG","gregisenberg",""
"1911502817065328696","Clearest path to getting the most out of LLMs according to Google's new 68 page ""prompt engineering"" book https://t.co/xR3qw0jWh0","Sun Apr 13 19:32:40 +0000 2025","https://twitter.com/gregisenberg/1911502817065328696",2844,236,53,"GREG ISENBERG","gregisenberg","Prompt
Engineering
Google \ | Clearest Path to getting the most out of LLMs using prompts according to Google

1. Understand the tool. A prompt is how you talk to a language model. The better the input,
the better the output.

2. You don‚Äôt need to be a coder. Anyone can write prompts. But great prompting? That's a
skill.

3. Choose your model wisely. Gemini, GPT-4, Claude, they all have strengths. Know what
you're working with.

4. Zero-shot prompt = ask without examples.
Few-shot = show examples first.
Chain-of-thought = force it to ‚Äúthink‚Äù step by step.
Use the right weapon for the job.

5. You can control the vibe. Tweak the temperature (creativity), top-p, max tokens, and
more to steer the output.

6. Be specific. Tell it exactly what you want. Vagueness kills good output.

7. Context is king. Add details, background, and constraints. Think of it like briefing a
world-class assistant.

8. Iterate like crazy. Good prompts aren‚Äôt written, they‚Äôre rewritten.

9. Give examples. Want a specific tone, format, or structure? Show it.

10. Build multi-turn prompts. Ask, follow-up, dig deeper. Treat the model like a convo, not a
vending machine.

11. Avoid traps:
‚Äî Too vague = bad output
‚Äî Too long = confusion
‚Äî Too complex = model gets lost
‚Äî Biased wording = biased results

12. Prompts aren‚Äôt one-size-fits-all. Customize by task: writing, summarizing, coding,
customer support, etc.

13. Prompt engineering isn‚Äôt optional. It's how you unlock superpowers with Al.

@gregisenberg / gregisenberg.com"
"1911467353436463340","where the world is HEADED over THE next 5 years...

1. anyone with a google sheet, zapier flow, X account and agent script is now a company-in-a-box.
2. your personal AI will attend meetings on your behalf, negotiate your raise to $140k, and decline 70% of your calendar invites","Sun Apr 13 17:11:45 +0000 2025","https://twitter.com/gregisenberg/1911467353436463340",2539,328,196,"GREG ISENBERG","gregisenberg",""
"1911057602898706923","how to create a profitable physical product startup (with ai, agents, and only $100 in your bank account):

first, i‚Äôd generate the idea ‚Üí open chatgpt-4o/sora and type something like ‚Äúiphone case that looks like windows 95 meets clippy‚Äù

generate 3+ image variants: top, back, https://t.co/cOyTMHlJEp","Sat Apr 12 14:03:32 +0000 2025","https://twitter.com/gregisenberg/1911057602898706923",1498,113,94,"GREG ISENBERG","gregisenberg","Vintage Case
& ne |
et WY
iN ~ Cond 4
95959657 4
Ndr)"
"1911050414742557064","X paid me $1,553.38 for 2 weeks of tweeting.

It wasn't even a particularly viral week.

This is your reminder to put your thoughts out there on the internet.

The math is simple:

‚Ä¢ You get paid to clarify your POV 
‚Ä¢ You get paid to find talent to hire 
‚Ä¢ You get paid to https://t.co/A3i25UaToy","Sat Apr 12 13:34:59 +0000 2025","https://twitter.com/gregisenberg/1911050414742557064",731,21,79,"GREG ISENBERG","gregisenberg","¬¢< Creator earnings dashboard
@gregisenberg

+$1,553.38

Pay period: Mar 28, 2025 - Apr 12, 2025"
"1910866926084956183","Dear founders,

You know you've made it when someone copies what you built, and you feel nothing.

No outrage. No need to tweet about it. Maybe just a quiet ""that's cool"" in your head.

Because by the time people start tracing your work, you've already moved on from it.

They see","Sat Apr 12 01:25:52 +0000 2025","https://twitter.com/gregisenberg/1910866926084956183",682,47,60,"GREG ISENBERG","gregisenberg",""
"1910738204614971750","btw, i figured it out.

you find a weird little corner of the internet that‚Äôs growing but underserved. maybe it‚Äôs dental practices, maybe it's nurses. it doesn‚Äôt matter. just needs to have problems, that you actually want to solve and they have some cash.

you create an audience.","Fri Apr 11 16:54:22 +0000 2025","https://twitter.com/gregisenberg/1910738204614971750",2361,170,78,"GREG ISENBERG","gregisenberg",""
"1910675662966288446","how to grow your startup (with AI, agents, and vibe):

first, i'd build a lead gen machine: launch directories people search for (ex: ""companies using X"") using gumloop + keyword planner. answer customer questions ‚Üí knowledge base via chatgpt-4o. spin up tools that solve one","Fri Apr 11 12:45:51 +0000 2025","https://twitter.com/gregisenberg/1910675662966288446",1380,107,66,"GREG ISENBERG","gregisenberg",""
"1914342592340255091","RT @heyBarsee: This is wild.

AI-generated POV videos are blowing up the internet

11 wild examples (100% AI-generated):

1. POV: You wake‚Ä¶","Mon Apr 21 15:36:55 +0000 2025","https://twitter.com/heyBarsee/1914342592340255091",0,296,0,"Barsee üê∂","heyBarsee",""
"1920823778130440565","""sign in with openai"" isn't enough

it'll be huge im sure for bringing contextual memory to new apps you try

but you still have to sign in

which is why owning a browser, or hardware you use all the time will be huge for ""memory in your apps""","Fri May 09 12:50:50 +0000 2025","https://twitter.com/bentossell/1920823778130440565",77,4,13,"Ben Tossell","bentossell",""
"1920793539669053468","RT @browserbasehq: Today we're announcing our revamped MCP Server for web automation üÖ±Ô∏è

Additional tools, enhanced session management, and‚Ä¶","Fri May 09 10:50:41 +0000 2025","https://twitter.com/bentossell/1920793539669053468",0,16,0,"Ben Tossell","bentossell",""
"1920094209018581399","applying to YC summer batch?

want to get your ai product in front of 125k potential users before you apply?

reply here with what you're building and we'll include some in the newsletter","Wed May 07 12:31:47 +0000 2025","https://twitter.com/bentossell/1920094209018581399",812,28,363,"Ben Tossell","bentossell",""
"1919858072622612512","RT @create_xyz: pov: you want to make money online but cant code. https://t.co/6CztVOheZ1","Tue May 06 20:53:28 +0000 2025","https://twitter.com/bentossell/1919858072622612512",0,14,0,"Ben Tossell","bentossell",""
"1919463064803434807","RT @daniel_dhawan: Big news: Rork raised $2.8M pre-seed &amp; is now the fastest growing app that builds mobile apps

We're backed by a16z @spe‚Ä¶","Mon May 05 18:43:51 +0000 2025","https://twitter.com/bentossell/1919463064803434807",0,33,0,"Ben Tossell","bentossell",""
"1919336113577013686","RT @nikitabier: The entire tech community is under the impression that AI coding will result in power flowing from engineers to ‚Äúidea guys.‚Ä¶","Mon May 05 10:19:23 +0000 2025","https://twitter.com/bentossell/1919336113577013686",0,383,0,"Ben Tossell","bentossell",""
"1919120008120037836","Can confirm @gregisenberg is handsomer and taller irl https://t.co/IPccowYCCU","Sun May 04 20:00:40 +0000 2025","https://twitter.com/bentossell/1919120008120037836",88,2,12,"Ben Tossell","bentossell","BY a
> a
¬ß 2a - Gan |
\ F. = PS
| ‚Ç¨) 1 c \
i < Ny \ <4 3 4 a Ve
ny Su WA - We
Xi WW
% f= ! \ ¬£. ~~
¬¢ ~ a‚Äô ) IS"
"1918822278240051509","RT @signulll: the internet was always meant for fun. if you‚Äôre not laughing, scheming, shitposting, or stumbling into something weird &amp; bri‚Ä¶","Sun May 04 00:17:35 +0000 2025","https://twitter.com/bentossell/1918822278240051509",0,154,0,"Ben Tossell","bentossell",""
"1918770106747785605","Curiosity is all that matters","Sat May 03 20:50:17 +0000 2025","https://twitter.com/bentossell/1918770106747785605",64,3,11,"Ben Tossell","bentossell",""
"1918365682368143752","RT @sidyadav: Update: 

Circle is now profitable and on track for $50M+ ARR by EOY.

We just had our best month ever with 100% annualized g‚Ä¶","Fri May 02 18:03:14 +0000 2025","https://twitter.com/bentossell/1918365682368143752",0,25,0,"Ben Tossell","bentossell",""
"1917969372007772466","RT @dhruvtruth: Submitting to the App Store sucks. 

It's like filing your taxes by hand. 

So we just launched a single publish button.‚Ä¶","Thu May 01 15:48:27 +0000 2025","https://twitter.com/bentossell/1917969372007772466",0,19,0,"Ben Tossell","bentossell",""
"1917014343666798663","RT @Calclavia: I'm hiring founding engineers to join Smithery to build the AI gateway of the future.

We're currently a team of 2 and the l‚Ä¶","Tue Apr 29 00:33:30 +0000 2025","https://twitter.com/bentossell/1917014343666798663",0,12,0,"Ben Tossell","bentossell",""
"1916825351390363842","RT @kiwicopple: the journey to 2 million developers ‚Üí @supabase https://t.co/3V2v8wxjxr","Mon Apr 28 12:02:31 +0000 2025","https://twitter.com/bentossell/1916825351390363842",0,33,0,"Ben Tossell","bentossell",".
Co
."
"1915062509704188174","RT @mattshumer_: Github for prompts is here.

100% free for everyone.

Link in next post: https://t.co/FQN5Ko1Ncz","Wed Apr 23 15:17:37 +0000 2025","https://twitter.com/bentossell/1915062509704188174",0,315,0,"Ben Tossell","bentossell",""
"1914745681484407205","RT @kiwicopple: @supabase Series D, led by @Accel 

A huge thank you to our community. Some of you who have been supporting from the start‚Ä¶","Tue Apr 22 18:18:39 +0000 2025","https://twitter.com/bentossell/1914745681484407205",0,130,0,"Ben Tossell","bentossell",""
"1914681466501349602","vibe coding is dead

its just called coding","Tue Apr 22 14:03:29 +0000 2025","https://twitter.com/bentossell/1914681466501349602",439,16,79,"Ben Tossell","bentossell",""
"1913213719976288719","RT @kiwicopple: i can't believe @DrizzleORM legal team won't let us add tabs to the @supabase dashboard https://t.co/2v4HFgH9yF","Fri Apr 18 12:51:11 +0000 2025","https://twitter.com/bentossell/1913213719976288719",0,32,0,"Ben Tossell","bentossell","Drizzle ORM
760 Market Street, Floor 10
San Francisco, CA 9410
Supabase Inc.
Dear Supabase:
I'am the General Counsel at Drizzle ORM (‚ÄòDrizzle‚Äô). Drizzle is the
creator of the ‚ÄúTabs‚Äù interface in Drizzle Studio, a key visual component
of our open-source ORM platform.
We've been closely following the evolution of your product and are glad
to see continued innovation in the developer tooling space. However,
we recently noticed that your new database interface also includes a
‚ÄúTabs‚Äù design that appears substantially similar to Drizzle Studio's layou,
functionality, and presentation.
While we respect your work, we believe this resemblance may create
confusion for users and could constitute unauthorized use of our distinc-
tive interface. As such, we kindly request that you revise our implemen-
tation, rename the feature, and ensure it is visually and functionally
distinct from Drizzle Studio.
We'd prefer to resolve this amicably and quickly. Please get in touch to
confirm you've received this letter and that you'll make the requested
changes.
Sincerely,
General Counsel
Drizzle ORM"
"1913178803246899585","If katy perry is an astronaut 

Vibe coders are vp of eng","Fri Apr 18 10:32:26 +0000 2025","https://twitter.com/bentossell/1913178803246899585",50,0,12,"Ben Tossell","bentossell",""
"1912970272317005931","RT @sidyadav: We're taking branded apps to a whole new level today with the launch of the custom app builder.

Team really cooked on this o‚Ä¶","Thu Apr 17 20:43:48 +0000 2025","https://twitter.com/bentossell/1912970272317005931",0,14,0,"Ben Tossell","bentossell",""
"1912918866197438944","RT @etarczynski: I'm launching Tech Today.

- A daily show on the most important stories in tech.
- 10 minutes per day, 5 days per week.
-‚Ä¶","Thu Apr 17 17:19:32 +0000 2025","https://twitter.com/bentossell/1912918866197438944",0,48,0,"Ben Tossell","bentossell",""
"1912917552805671377","RT @0interestrates: Our biggest update so far: We're excited to announce Collaboration in @JuliusAI_  

Julius is now your team's AI Data A‚Ä¶","Thu Apr 17 17:14:19 +0000 2025","https://twitter.com/bentossell/1912917552805671377",0,37,0,"Ben Tossell","bentossell",""
"1912578512403255412","RT @boltdotnew: It's time to set a Guinness World Record.

Registration is now LIVE at https://t.co/y3OwMLa1N1:
‚Üí $1M+ in prizes
‚Üí Global I‚Ä¶","Wed Apr 16 18:47:06 +0000 2025","https://twitter.com/bentossell/1912578512403255412",0,1456,0,"Ben Tossell","bentossell",""
"1912560312630538563","Why gumroad acquired small bets (my predictions)

- gumroads in a tough market
- ai is changing everything etc etc
- so they decide to kill themselves to open themselves up completely
- build open source tools to replace internal ones, ai-first
- build OS infrastructure and tools","Wed Apr 16 17:34:46 +0000 2025","https://twitter.com/bentossell/1912560312630538563",152,4,12,"Ben Tossell","bentossell",""
"1912159714160288247","RT @thisisgrantlee: Gamma's first AI launch was exactly 2 years ago. We were pre-revenue - just a small team crammed in a 2-bedroom apartme‚Ä¶","Tue Apr 15 15:02:56 +0000 2025","https://twitter.com/bentossell/1912159714160288247",0,61,0,"Ben Tossell","bentossell",""
"1912147635533729883","replit needs;

- model picker
- better solution for docs &amp; web search
- modes (like cursor)
- rules

the agent is great but i think having more control on how it behaves, its model, what its doing/changing etc would be better - it feels abstracted too much sometimes","Tue Apr 15 14:14:56 +0000 2025","https://twitter.com/bentossell/1912147635533729883",81,3,23,"Ben Tossell","bentossell",""
"1911796935985340648","a fund for builders

- $100k checks
- 12 months to go full-time on your idea(s)

coming soon...

if you want to invest, email me ben @ bensbites . com

subject: builder fund
body: first + last name, accredited (y/n), check size","Mon Apr 14 15:01:23 +0000 2025","https://twitter.com/bentossell/1911796935985340648",618,33,42,"Ben Tossell","bentossell",""
"1910783426329784697","nah but seriously, you mfers used to write this much code by hand?! you're mad","Fri Apr 11 19:54:04 +0000 2025","https://twitter.com/bentossell/1910783426329784697",1134,50,99,"Ben Tossell","bentossell",""
